,Red,Green,Blue
Mean,125.36226708984375,123.04029643554688,113.9900185546875
STD,62.99172319884214,62.10269257704036,66.75451872125706
Normalized Mean,0.4916167336856618,0.48251096641390934,0.4470196806066176
Normalized STD,0.24702636548565543,0.24353997089035434,0.2617824263578708
